{"Objects":[{"Name":"Manager","Active":true,"Position":{"x":0.0,"y":0.0,"z":0.0},"Rotation":{"x":0.0,"y":0.0,"z":0.0},"Scale":{"x":1.0,"y":1.0,"z":1.0},"Parent":-1,"Components":[{"Type":"MainMenuComponent"}]}],"Camera":{"ClearColor":{"x":0.8019726872444153,"y":0.8465116024017334,"z":0.34254190325737,"w":0.0}},"Lighting":{"AmbientColor":{"x":0.08837122470140457,"y":0.08837194740772248,"z":0.0883721113204956},"FogColor":{"x":0.10539749264717102,"y":0.5267289280891419,"z":0.7813953161239624},"FogDensity":13.0},"Navigation":{"StartPos":{"x":-20.0,"y":1.0,"z":-20.0},"Width":0,"NodeSize":1.0,"Nodes":[]}}