{"Camera":{"x":5.596445560455322,"y":1.1240053176879883,"z":2.371824026107788}}